{"cameraMode":{"drawMode":0,"name":"Shaded","section":"Shading Mode"},"sceneLighting":false,"audioPlay":false,"sceneViewState":{"showFog":true,"showMaterialUpdate":false,"showSkybox":false,"showFlares":true,"showImageEffects":true,"showParticleSystems":true},"in2DMode":false,"pivot":{"x":-50.80712127685547,"y":8.899999618530274,"z":-60.4220085144043},"rotation":{"x":-0.07080473750829697,"y":0.5394802689552307,"z":-0.04558853432536125,"w":-0.8377895355224609},"size":1.2507883310317994,"orthographic":false}