{"cameraMode":{"drawMode":0,"name":"Shaded","section":"Shading Mode"},"sceneLighting":false,"audioPlay":false,"sceneViewState":{"showFog":true,"showMaterialUpdate":false,"showSkybox":false,"showFlares":true,"showImageEffects":true,"showParticleSystems":true},"in2DMode":false,"pivot":{"x":24.315725326538087,"y":13.4357271194458,"z":6.036627292633057},"rotation":{"x":-0.07080473750829697,"y":0.5394802689552307,"z":-0.04558853432536125,"w":-0.8377895355224609},"size":1.738805890083313,"orthographic":false}