{"cameraMode":{"drawMode":0,"name":"Shaded","section":"Shading Mode"},"sceneLighting":false,"audioPlay":false,"sceneViewState":{"showFog":true,"showMaterialUpdate":false,"showSkybox":false,"showFlares":true,"showImageEffects":true,"showParticleSystems":true},"in2DMode":false,"pivot":{"x":-0.010938048362731934,"y":-1.9185245037078858e-7,"z":1.3783574104309083e-7},"rotation":{"x":0.3200328052043915,"y":0.6621666550636292,"z":-0.37589478492736819,"w":0.5637633800506592},"size":0.9872979521751404,"orthographic":false}