{"cameraMode":{"drawMode":0,"name":"Shaded","section":"Shading Mode"},"sceneLighting":false,"audioPlay":false,"sceneViewState":{"showFog":true,"showMaterialUpdate":false,"showSkybox":false,"showFlares":true,"showImageEffects":true,"showParticleSystems":true},"in2DMode":false,"pivot":{"x":0.012828797101974488,"y":0.03696081042289734,"z":-4.470348358154297e-8},"rotation":{"x":0.3200328052043915,"y":0.6621666550636292,"z":-0.37589478492736819,"w":0.5637633800506592},"size":1.015897512435913,"orthographic":false}