{"cameraMode":{"drawMode":0,"name":"Shaded","section":"Shading Mode"},"sceneLighting":false,"audioPlay":false,"sceneViewState":{"showFog":true,"showMaterialUpdate":false,"showSkybox":false,"showFlares":true,"showImageEffects":true,"showParticleSystems":true},"in2DMode":false,"pivot":{"x":-0.0850970447063446,"y":4.103514194488525,"z":4.76837158203125e-7},"rotation":{"x":0.3200328052043915,"y":0.6621666550636292,"z":-0.37589478492736819,"w":0.5637633800506592},"size":4.345518112182617,"orthographic":false}