{"cameraMode":{"drawMode":0,"name":"Shaded","section":"Shading Mode"},"sceneLighting":false,"audioPlay":false,"sceneViewState":{"showFog":true,"showMaterialUpdate":false,"showSkybox":false,"showFlares":true,"showImageEffects":true,"showParticleSystems":true},"in2DMode":false,"pivot":{"x":-0.23845070600509644,"y":0.645656943321228,"z":-0.03451180458068848},"rotation":{"x":-0.17747242748737336,"y":0.8176946640014648,"z":-0.3349796533584595,"w":-0.43321070075035097},"size":1.251115322113037,"orthographic":false}