{"cameraMode":{"drawMode":0,"name":"Shaded","section":"Shading Mode"},"sceneLighting":false,"audioPlay":false,"sceneViewState":{"showFog":true,"showMaterialUpdate":false,"showSkybox":false,"showFlares":true,"showImageEffects":true,"showParticleSystems":true},"in2DMode":false,"pivot":{"x":-0.02074611186981201,"y":0.0016151517629623414,"z":-0.00013794563710689545},"rotation":{"x":0.3200328052043915,"y":0.6621666550636292,"z":-0.37589478492736819,"w":0.5637633800506592},"size":0.9721648693084717,"orthographic":false}